concept_code,symptom,n_code_target,n_code_no_target,n_target_no_code,n_no_code_no_target,p_target_given_code,p_target_given_no_code,risk_diff,odds_ratio,LR_pos
30153-Symptoms-2,Fever or feeling feverish,26,38,26,436,0.4076923076923077,0.05723542116630669,0.350456886526001,11.337662337662337,6.168831168831169
30154-Symptoms_Resp-3,Cough,36,98,16,376,0.27037037037037037,0.04198473282442748,0.22838563754594288,8.455468389478542,3.321042045781055
30153-Symptoms-5,Fatigue (more than normal),32,89,20,385,0.26639344262295084,0.050492610837438424,0.21590083178551242,6.828587000953808,3.254453462633077
30158-Symtpom_Neuro-2,Headaches,31,120,21,354,0.20723684210526316,0.057180851063829786,0.15005599104143338,4.310238347968735,2.3428325373835435
30158-Symtpom_Neuro-7,Loss of smell,24,11,28,463,0.6805555555555556,0.057926829268292686,0.6226287262872628,34.64759725400457,19.0935192780968
30158-Symtpom_Neuro-8,Loss of taste,20,8,32,466,0.7068965517241379,0.06513026052104208,0.6417662912030958,34.618099547511314,21.614872364039957
